"Compare field name","Percentage of women","","","","","","","","",""
"Description","Calculated by dividing the current number of women by the current number of members.","","","","","","","","",""
"Reference period","1950","","","","","","","","",""
"Field Id","current_women_percent","","","","","","","","",""
"Data dictionary","https://data.ipu.org/data-dictionary/current_women_percent","","","","","","","","",""
"Structure","Only upper chambers","","","","","","","","",""
"Region","Any","","","","","","","","",""
"Publisher","Inter-Parliamentary Union","","","","","","","","",""
"Copyright and attribution","Inter-Parliamentary Union. Terms of use: https://www.ipu.org/terms-use","","","","","","","","",""
"Licence","This work is licensed under Creative Commons Attribution-NonCommercial-ShareAlike 4.0 International 

https://creativecommons.org/licenses/by-nc-sa/4.0/ ","","","","","","","","",""
"Website","https://data.ipu.org/compare/?chart=map&field=current_women_percent&file_format=csv&region=0&show_notes&structure=any__upper_chamber&year_to=1950","","","","","","","","",""
"URL","https://data.ipu.org/export-country-compare?chart=map&field=current_women_percent&file_format=csv&language=en&region=0&show_notes&structure=any__upper_chamber&year_to=1950","","","","","","","","",""
"API URL","http://api.data.ipu.org/v1/chambers?page[size]=1000000&page[number]=1&fields=current_women_percent%2Ccountry_code%2Cparliament%2Cparliament_country&filter=struct_parl_status.term%3Aeq%3Aupper_chamber","","","","","","","","",""
"Date accessed","2025-08-08 11:08:36","","","","","","","","",""
"
"
"ISO Code","Country","Chamber","Status","Percentage of women","Year","date_from","date_to","Notes","Structure","Chamber type"
"AF","Afghanistan","House of Elders","","No information available","","-","-","","Bicameral","Upper chamber"
"DZ","Algeria","Council of the Nation","","No information available","","-","-","","Bicameral","Upper chamber"
"AG","Antigua and Barbuda","Senate","","No information available","","-","-","","Bicameral","Upper chamber"
"AR","Argentina","Senate","","0.0","","1946-02-01","1951-10-31","","Bicameral","Upper chamber"
"AU","Australia","Senate","","6.7","","1949-01-01","1954-12-31","","Bicameral","Upper chamber"
"AT","Austria","Federal Council","","2.1","","1949-01-01","1952-12-31","","Bicameral","Upper chamber"
"BS","Bahamas","Senate","","No information available","","-","-","","Bicameral","Upper chamber"
"BH","Bahrain","Shura Council","","No information available","","-","-","","Bicameral","Upper chamber"
"BB","Barbados","Senate","","No information available","","-","-","","Bicameral","Upper chamber"
"BY","Belarus","Council of the Republic","","No information available","","-","-","","Bicameral","Upper chamber"
"BE","Belgium","Senate","","4.0","","1949-01-01","1953-12-31","","Bicameral","Upper chamber"
"BZ","Belize","Senate","","No information available","","-","-","","Bicameral","Upper chamber"
"BT","Bhutan","National Council","","No information available","","-","-","","Bicameral","Upper chamber"
"BO","Bolivia (Plurinational State of)","Chamber of Senators","","No information available","","-","-","","Bicameral","Upper chamber"
"BA","Bosnia and Herzegovina","House of Peoples","","No information available","","-","-","","Bicameral","Upper chamber"
"BR","Brazil","Federal Senate","","0.0","","1945-01-01","1961-12-31","","Bicameral","Upper chamber"
"BI","Burundi","Senate","","No information available","","-","-","","Bicameral","Upper chamber"
"KH","Cambodia","Senate","","No information available","","-","-","","Bicameral","Upper chamber"
"CM","Cameroon","Senate","","No information available","","-","-","","Bicameral","Upper chamber"
"CA","Canada","Senate","","2.3","","1950-01-01","1950-12-31","","Bicameral","Upper chamber"
"TD","Chad","Senate","","No information available","","-","-","","","Upper chamber"
"CL","Chile","Senate","","0.0","","1945-01-01","1952-12-31","","Bicameral","Upper chamber"
"CO","Colombia","Senate","","0.0","","1947-01-01","1950-12-31","","Bicameral","Upper chamber"
"CG","Congo","Senate","","No information available","","-","-","","Bicameral","Upper chamber"
"CI","Côte d'Ivoire","Senate","","No information available","","-","-","","Bicameral","Upper chamber"
"CZ","Czechia","Senate","","No information available","","-","-","","Bicameral","Upper chamber"
"CD","Democratic Republic of the Congo","Senate","","No information available","","-","-","","Bicameral","Upper chamber"
"DO","Dominican Republic","Senate","","0.0","","1950-01-01","1953-12-31","","Bicameral","Upper chamber"
"EG","Egypt","Senate","","No information available","","-","-","","Unicameral","-"
"GQ","Equatorial Guinea","Senate","","No information available","","-","-","","Bicameral","Upper chamber"
"SZ","Eswatini","Senate","","No information available","","-","-","","Bicameral","Upper chamber"
"ET","Ethiopia","House of the Federation","","No information available","","-","-","","Bicameral","Upper chamber"
"FR","France","Senate","","3.8","","1948-01-01","1950-12-31","","Bicameral","Upper chamber"
"GA","Gabon","Transitional Senate","","No information available","","-","-","","Bicameral","Upper chamber"
"DE","Germany","Federal Council","","No information available","","-","-","","Bicameral","Upper chamber"
"GD","Grenada","Senate","","No information available","","-","-","","Bicameral","Upper chamber"
"HT","Haiti","Senate","","0.0","","1946-01-01","1987-12-31","","Bicameral","Upper chamber"
"IN","India","Council of States","","No information available","","-","-","","Bicameral","Upper chamber"
"IE","Ireland","Senate","","5.0","","1948-04-01","1957-04-30","","Bicameral","Upper chamber"
"IT","Italy","Senate","","1.2","","1948-01-01","1952-12-31","","Bicameral","Upper chamber"
"JM","Jamaica","Senate","","No information available","","-","-","","Bicameral","Upper chamber"
"JP","Japan","House of Councillors","","4.8","","1950-01-01","1952-12-31","","Bicameral","Upper chamber"
"JO","Jordan","Senate","","0.0","","1950-01-01","1966-12-31","","Bicameral","Upper chamber"
"KZ","Kazakhstan","Senate","","No information available","","-","-","","Bicameral","Upper chamber"
"KE","Kenya","Senate","","No information available","","-","-","","Bicameral","Upper chamber"
"LS","Lesotho","Senate","","No information available","","-","-","","Bicameral","Upper chamber"
"LR","Liberia","The Liberian Senate","","No information available","","-","-","","Bicameral","Upper chamber"
"MG","Madagascar","Senate","","No information available","","-","-","","Bicameral","Upper chamber"
"MY","Malaysia","Senate","","No information available","","-","-","","Bicameral","Upper chamber"
"MR","Mauritania","Senate","","No information available","","-","-","","Unicameral","-"
"MX","Mexico","Senate","","No information available","","-","-","","Bicameral","Upper chamber"
"MA","Morocco","House of Councillors","","No information available","","-","-","","Bicameral","Upper chamber"
"MM","Myanmar","House of Nationalities","","No information available","","-","-","","Bicameral","Upper chamber"
"NA","Namibia","National Council","","No information available","","-","-","","Bicameral","Upper chamber"
"NP","Nepal","National Assembly","","No information available","","-","-","","Bicameral","Upper chamber"
"NL","Netherlands","Senate","","2.0","","1948-01-01","1954-12-31","","Bicameral","Upper chamber"
"NG","Nigeria","Senate","","No information available","","-","-","","Bicameral","Upper chamber"
"OM","Oman","State Council","","No information available","","-","-","","Bicameral","Upper chamber"
"PK","Pakistan","Senate","","No information available","","-","-","","Bicameral","Upper chamber"
"PW","Palau","Senate","","No information available","","-","-","","Bicameral","Upper chamber"
"PY","Paraguay","Senate","","No information available","","-","-","","Bicameral","Upper chamber"
"PH","Philippines","Senate","","0.0","","1949-01-01","1954-12-31","","Bicameral","Upper chamber"
"PL","Poland","Senate","","No information available","","-","-","","Bicameral","Upper chamber"
"RO","Romania","Senate","","No information available","","-","-","","Bicameral","Upper chamber"
"RU","Russian Federation","Council of the Federation","","No information available","","-","-","","Bicameral","Upper chamber"
"RW","Rwanda","Senate","","No information available","","-","-","","Bicameral","Upper chamber"
"LC","Saint Lucia","Senate","","No information available","","-","-","","Bicameral","Upper chamber"
"SI","Slovenia","National Council","","No information available","","-","-","","Bicameral","Upper chamber"
"SO","Somalia","Upper House","","No information available","","-","-","","Bicameral","Upper chamber"
"ZA","South Africa","National Council of Provinces","","No information available","","-","-","","Bicameral","Upper chamber"
"SS","South Sudan","Council of States","","No information available","","-","-","","Bicameral","Upper chamber"
"ES","Spain","Senate","","No information available","","-","-","","Bicameral","Upper chamber"
"SD","Sudan","Council of States","","No information available","","-","-","","Bicameral","Upper chamber"
"CH","Switzerland","Council of States","","No information available","","-","-","","Bicameral","Upper chamber"
"TJ","Tajikistan","National Assembly","","No information available","","-","-","","Bicameral","Upper chamber"
"TH","Thailand","Senate","","No information available","","-","-","","Unicameral","-"
"TG","Togo","Senate","","No information available","","-","-","","","Upper chamber"
"TT","Trinidad and Tobago","Senate","","No information available","","-","-","","Bicameral","Upper chamber"
"TN","Tunisia","National Council of Regions and Districts","","No information available","","-","-","","Unicameral","-"
"TM","Turkmenistan","People’s Council","","No information available","","-","-","","Unicameral","-"
"GB","United Kingdom","House of Lords","","No information available","","-","-","","Bicameral","Upper chamber"
"US","United States of America","Senate","","1.0","","1948-11-01","1954-10-31","","Bicameral","Upper chamber"
"UY","Uruguay","Senate","","0.0","","1946-11-01","1989-10-31","","Bicameral","Upper chamber"
"UZ","Uzbekistan","Senate","","No information available","","-","-","","Bicameral","Upper chamber"
"YE","Yemen","Shura Council","","No information available","","-","-","","Bicameral","Upper chamber"
"ZW","Zimbabwe","Senate","","No information available","","-","-","","Bicameral","Upper chamber"
